activation,alpha,hidden_layer_sizes,learning_rate_init,mean_test_balanced_accuracy,std_test_balanced_accuracy,mean_test_f1,std_test_f1,mean_test_f1_weighted,std_test_f1_weighted,mean_test_accuracy,std_test_accuracy,mean_fit_time,std_fit_time
relu,0.0001,"(64, 64)",0.001,0.9878749100712401,0.00258433069363482,0.9794465662311769,0.0035896553718652207,0.9982791445494398,0.00030706459660192,0.9982818930041152,0.00031079362943086,74.66279726028442,11.43450598494123
relu,0.001,"(64, 64)",0.001,0.9872844775299106,0.0038341032716039,0.9793510564058888,0.00304683433600578,0.998275566399605,0.00026812541826522,0.9982818930041153,0.00028137332980368,48.56388154029846,14.4927631751398
tanh,0.0001,"(128,)",0.001,0.9869623562488037,0.00255528742349034,0.9798582113118222,0.00348308605551568,0.9983225286910826,0.0002985700703965,0.9983333333333334,0.00029974823791830004,29.41252040863037,1.895540436729156
tanh,0.0001,"(64, 64)",0.001,0.9866056159203545,0.0040389902288841,0.9820649193582274,0.0035750256705314996,0.9985178754397228,0.00028945862131682,0.9985390946502057,0.00027526777857482,30.25495023727417,4.6287365934601725
tanh,0.001,"(32, 32)",0.001,0.9863474462640441,0.00457257595605512,0.9793049576545648,0.0039812047740281995,0.9982789212822384,0.00034582498272942003,0.9982921810699589,0.00035583958358822006,9.932303619384763,1.761617626606625
tanh,0.001,"(64, 64)",0.001,0.9863372330349888,0.0039136260045765205,0.9813292445516687,0.0033917238006892004,0.9984563793279945,0.00027644062965322006,0.998477366255144,0.00026576612327528003,17.69789061546326,3.0920587502524
tanh,0.001,"(128,)",0.001,0.9858451186065553,0.0024145079406478,0.9785768338607937,0.0044759694931863795,0.9982177666531691,0.00039476083664022,0.9982304526748971,0.00040988609994313996,19.30453858375549,2.1840513240878554
tanh,0.0001,"(32, 32)",0.001,0.9857086958902876,0.00366033757991262,0.980646481699248,0.00371422519836088,0.9984022629123723,0.00031007818477388,0.9984259259259259,0.00030593213954112,20.06876740455628,3.987592508381533
relu,0.01,"(64, 64)",0.001,0.9857039532425894,0.00459150347478098,0.9805179960291701,0.0022721798277821397,0.9983917961417793,0.00017240773700332,0.9984156378600823,0.00015838116928578,35.7983217716217,11.997209216126024
tanh,0.01,"(16, 16)",0.001,0.985651784455676,0.00379593170505844,0.9768461292056692,0.00398541068488812,0.9980682668587484,0.00036218594323902004,0.9980761316872429,0.00038645083510471996,6.508497095108032,0.920301232239953
tanh,0.0001,"(64,)",0.01,0.9854955965165424,0.00302232816832512,0.9786755382839576,0.00400556063571912,0.9982322522545815,0.00034884556229808,0.9982510288065845,0.00035701155304522,8.466673278808594,4.486342198740329
tanh,0.0001,"(128,)",0.01,0.9852031003186754,0.0055866085269196,0.9749060377110033,0.00463873223106462,0.9978935927003203,0.00045457270478482006,0.9978909465020577,0.00051407967637544,11.629006099700929,2.1598888077320257
tanh,0.01,"(32, 32)",0.001,0.9851786288049901,0.00355288145780346,0.9792380538247356,0.00311487309519056,0.9982818180367001,0.00028619496428874,0.9983024691358026,0.00030813185645972,9.320913982391357,0.668733197205367
tanh,0.001,"(32,)",0.01,0.9851777911147982,0.00358829374883482,0.9790389878071141,0.0034971804268230404,0.9982680447169276,0.00028447025576158,0.9982921810699589,0.00027118150459246005,7.072232341766357,1.218554039822196
tanh,0.0001,"(32,)",0.01,0.9851349802297367,0.00300427107996216,0.9782391537645022,0.0044631608346323,0.9981983015013671,0.00037429974810242,0.9982201646090536,0.00037053244374247996,8.259406757354736,2.184576352013063
tanh,0.001,"(16, 16)",0.001,0.9848635491550581,0.0028072804554083396,0.9775250917039179,0.0035541641018523003,0.9981383251856221,0.00030571683311964,0.9981584362139918,0.00031108945172305996,8.598916053771973,2.063186797094008
tanh,0.0001,"(16, 16)",0.001,0.984861884992306,0.00266005584847556,0.9774256772138725,0.0036511714777370404,0.998128997851197,0.00031100808102606004,0.9981481481481481,0.0003135939674324,12.813418531417849,3.269097209593693
tanh,0.001,"(64,)",0.001,0.9848394973923933,0.0028331514219303,0.9793941553657184,0.0033719496822589403,0.998298439897761,0.0002960980089714,0.9983230452674897,0.00030285024777746,13.48562126159668,2.371438858812656
relu,0.01,"(8,)",0.1,0.9847451472200841,0.0052119796850558595,0.9727957695812135,0.007500082148622961,0.9976969887670901,0.0007153639500098,0.9976748971193417,0.00079667441964308,2.665136289596558,0.4423323227280956
relu,0.0001,"(32, 32)",0.001,0.9846615731751254,0.00456029737034926,0.9781620234873223,0.0057723168157472,0.9981896444629615,0.00050940607446844,0.9982098765432099,0.00052746678485176,22.18240947723389,12.478568045549553
tanh,0.001,"(16,)",0.01,0.9845322198009795,0.00246917535077342,0.9779308746985433,0.00267432684563464,0.9981758923232537,0.00023569706587459998,0.9981995884773662,0.00024223459230092,4.589277839660644,0.6822503719805705
tanh,0.001,"(128,)",0.01,0.9844659094154844,0.0054303571842515795,0.9762449768974865,0.0036369953163654196,0.9980274162451795,0.00031807860904866,0.9980452674897119,0.00033203486493904,9.266823148727417,1.1628328604449487
tanh,0.1,"(32, 32)",0.001,0.9843864819688498,0.0031379769370255203,0.9773299125018997,0.00455773685347486,0.9981197456792283,0.00041391695701453995,0.9981378600823045,0.00044152290010082,14.708867979049682,1.084390647514632
tanh,0.001,"(32,)",0.001,0.9842875327442646,0.00361894185790234,0.9800570143507146,0.00283909134497,0.9983626270149111,0.00023648538875914,0.998395061728395,0.0002318650512001,12.970141983032226,2.1663606079226883
tanh,0.01,"(64, 64)",0.001,0.9842623483719631,0.0035886731688653,0.9795777725466982,0.0024762053426180203,0.9983218518735327,0.00021506195759642003,0.9983539094650207,0.00022140537347024002,18.15455613136292,3.572995896697348
relu,0.0001,"(128,)",0.01,0.9841328439040294,0.00230856140743378,0.9794377579623262,0.0033419490538225197,0.9983114377746096,0.00027968576244025996,0.998343621399177,0.00027800672430866,26.32927370071411,7.701946013317602
relu,0.01,"(16,)",0.01,0.9840881608522137,0.0032452048814648,0.9757942909020457,0.00273837255824254,0.997994009645355,0.00023559379504286003,0.998014403292181,0.00023887422530096005,4.0963598728179935,0.867421915487848
tanh,0.0001,"(16,)",0.01,0.983996977483427,0.0029193837601249797,0.97896954216653,0.0026303279365998402,0.9982710901993703,0.00022760057994237998,0.9983024691358026,0.00023365602498403998,5.423072576522827,1.324365656746336
tanh,0.001,"(64,)",0.01,0.983855871093728,0.0041899706755201,0.9784276268902957,0.0036666356368636396,0.9982274313474718,0.00029335713733461997,0.9982613168724279,0.000280268216257,6.253709745407105,1.695831111776531
tanh,0.0001,"(32,)",0.001,0.9837946467841043,0.00262507728938144,0.9796079772657981,0.0037703637599872603,0.9983284617643203,0.00031635335293222003,0.9983641975308641,0.00031252010711172,13.278419637680054,3.762407838177729
tanh,0.0001,"(32, 32)",0.01,0.9837707130529424,0.00446083523591854,0.9757809667331683,0.0026291380077468,0.9979865855652867,0.0002478046653234,0.9980041152263375,0.00027286296732212,9.472284936904908,1.9618551591906448
relu,0.001,"(16,)",0.1,0.9835919405130552,0.00415009016447564,0.9754074208318645,0.0056951835058116195,0.9979566104505109,0.0005150719460556201,0.9979732510288066,0.00054603013799794,3.601104545593261,0.9179547444611288
relu,0.001,"(128,)",0.001,0.9835813217848355,0.0035230897029455603,0.9774975885492015,0.004082196109492201,0.9981477681563181,0.00034439944153944,0.998179012345679,0.00034322674379168,26.30036406517029,4.596865998256822
tanh,0.01,"(8,)",0.001,0.983546787680555,0.00478095918365638,0.9767540303481814,0.00312244299017942,0.9980805578105688,0.00029893687877047997,0.9981069958847737,0.00033183375316462005,6.792071390151977,1.057872500096122
relu,0.0001,"(32, 32)",0.01,0.9835041076005184,0.00270020098513482,0.9781309719872657,0.00367988849845106,0.9981994391538217,0.00031988478322704,0.9982304526748971,0.00032727765741606,16.419188499450684,5.6175900496971165
relu,0.0001,"(64,)",0.01,0.9833052446688144,0.0034901056568564597,0.9790411835141452,0.0028829732651857397,0.9982845214942394,0.00023521720251458,0.9983230452674897,0.00022536891296221997,13.760154962539673,3.504177756169085
tanh,0.01,"(64,)",0.001,0.9832517142848205,0.00248621781254126,0.9780159553721413,0.0042107528843225205,0.9981953952989343,0.00036009567720484,0.9982304526748971,0.00036206284730174,8.690740728378296,1.3825831519617475
relu,0.001,"(32,)",0.01,0.9832283768153944,0.0027881548826612,0.9748858444473376,0.00464215882326358,0.9979201157987736,0.00040833147475825994,0.9979423868312758,0.00042463207674774,7.029607582092285,0.9715381680895336
tanh,0.001,"(16,)",0.001,0.9831787568232198,0.00223900339163102,0.9789161853526238,0.0034621938208974205,0.9982742949189433,0.00028726798181457995,0.998312757201646,0.000282356328765,7.476716947555542,1.1616729093928508
relu,0.1,"(64, 64)",0.001,0.9831718469390271,0.00385083193296996,0.9763506661700564,0.00454221583967344,0.9980481049705248,0.00040868556007452007,0.9980761316872429,0.0004307289322953,30.8331401348114,6.335827716970793
relu,0.0001,"(16, 16)",0.001,0.9831245765791806,0.0034818087977307997,0.9754821154017836,0.0051512543328715,0.9979757109615799,0.00045603798712983996,0.9980041152263375,0.0004736794642483,9.315873050689698,1.5888429620879907
relu,0.001,"(32, 32)",0.001,0.9831112890325988,0.00329156587384354,0.9775970611342204,0.00421701853392502,0.9981569286597477,0.00038279358689286,0.9981893004115225,0.00040372908817664,17.03051977157593,12.975112876729655
tanh,0.0001,"(16,)",0.001,0.9830499323465693,0.0018431402255249401,0.9786612787196077,0.00321578885475012,0.9982533995222098,0.00026937799959312,0.9982921810699589,0.00026715972942232,8.581299448013306,0.7928203928881897
tanh,0.0001,"(8,)",0.001,0.9829808954154405,0.0032031323555379203,0.9771630312387296,0.00388044277408466,0.9981235938120208,0.00033503629845052,0.9981584362139918,0.00033902214974208003,6.942805576324463,1.703252917326523
relu,0.001,"(64,)",0.001,0.9829097058002645,0.004183706490196721,0.9781338902477733,0.00327429181756664,0.9982108877444977,0.00027351494125348,0.9982510288065842,0.00027149778125147995,16.982746362686157,3.013563558629631
relu,0.001,"(128,)",0.01,0.9828872289343208,0.00326172158146398,0.9775747132203854,0.0027931250720786603,0.9981616026125785,0.00022448725347046003,0.9981995884773663,0.00021538603174058,16.256082153320314,3.6944648566938447
relu,0.001,"(16, 16)",0.001,0.9828461960058471,0.0027360273392828803,0.9768515287247184,0.004148990911651,0.9981007375146256,0.00035184359595268,0.9981378600823045,0.0003497603579312,8.972044420242309,1.2654047084308613
tanh,0.001,"(8,)",0.001,0.9828237104939653,0.0033908896581003795,0.9763653986399475,0.00443039286657032,0.998054158626611,0.00038965931944642004,0.9980864197530863,0.00040189309478596,7.404464197158814,1.8830777215732573
relu,0.1,"(32, 32)",0.001,0.9827961132167197,0.0040796279096806404,0.9758489251425733,0.00471965766646834,0.9980067078735099,0.0004294015372853999,0.9980349794238684,0.00045732707020138,14.722634029388429,1.6689419892022157
tanh,0.01,"(64,)",0.01,0.9827707486769904,0.00713387494870876,0.9762865487671002,0.007491735694656621,0.9980423631855455,0.00063178156556098,0.9980761316872429,0.0006193544873365599,6.258423376083374,0.6105663869391825
tanh,0.01,"(128,)",0.001,0.9827409819517193,0.00213576198318662,0.9771469046553383,0.005082126765207399,0.9981223101295129,0.00044545308512302,0.9981584362139918,0.00045745635038597996,11.79710078239441,2.2941583467655877
relu,0.0001,"(32,)",0.01,0.98272092568197,0.00325074842390692,0.9765295642769836,0.00314328719125204,0.9980716994227539,0.00027672245897052,0.9981069958847737,0.00028855003344595997,7.486790418624878,3.114064895133508
tanh,0.0001,"(64,)",0.001,0.9827075687666701,0.0035176173541930796,0.9787698500400029,0.0043175816215134406,0.9982625980501817,0.00036967975837534,0.9983024691358026,0.00037329188890555993,13.516157102584838,3.5627946330476474
tanh,0.0001,"(16, 16)",0.01,0.9826419650991841,0.0031277034223170393,0.977440175928445,0.004084126291539999,0.9981505726851436,0.00035114802531488,0.9981893004115227,0.00035708581658902,6.5624764919281,1.263363662917582
tanh,0.001,"(16, 16)",0.01,0.9826335264493057,0.00331307423740908,0.9772525288121885,0.0041488997533727,0.9981327397805663,0.00036706253403079997,0.9981687242798353,0.00038402397564892004,4.314739227294922,1.0348644538364566
relu,0.0001,"(16,)",0.001,0.9826327618407371,0.00299652774592856,0.9772165057121235,0.00368154954112566,0.9981312058115689,0.00032327914767398,0.9981687242798355,0.00033425602088190006,9.53054895401001,2.2772524333675457
relu,0.01,"(32, 32)",0.001,0.9826233872914113,0.00301885236096188,0.977052278713977,0.00477365642254894,0.9981135221306501,0.00042643356883004,0.9981481481481481,0.00044392582950172,12.650960779190063,3.281755712912228
tanh,0.001,"(32, 32)",0.01,0.9826037519911883,0.00293705151847122,0.9791291109474882,0.00234869187680164,0.9982989425880294,0.000193669301118,0.998343621399177,0.00018830164998406,4.910323143005371,1.151512127489697
relu,0.001,"(64,)",0.01,0.9825307183300784,0.004673689954525701,0.9772129952886613,0.0039174775075430995,0.9981297265204775,0.00033974142606492,0.9981687242798355,0.00034862796736936,11.401781797409058,2.5086366757864225
relu,0.0001,"(64,)",0.001,0.9825276415413887,0.004197597591992839,0.9773986923729183,0.0034553895305864404,0.9981491900722734,0.00030048944779708004,0.9981893004115227,0.00030918625281666,18.597217321395878,6.399145289655916
relu,0.001,"(16, 16)",0.01,0.9824956311403795,0.00494914452033504,0.976371943493357,0.00443598192840728,0.9980592103678237,0.00037239435478032,0.9980967078189302,0.00037084265201896,6.891283369064331,1.5196839638772237
tanh,0.01,"(8, 8)",0.001,0.9824870754598951,0.00374798276045306,0.9766545634849235,0.0044539382101765595,0.9980819510343324,0.00039851360169310005,0.9981172839506172,0.0004207950705548601,7.109797048568725,0.6037575614959663
tanh,0.0001,"(8,)",0.01,0.9824866541034835,0.00270866042588758,0.9767725493619255,0.00401311576030816,0.9980964946400033,0.0003524199260106,0.9981378600823045,0.00036226054256187996,3.98181037902832,0.8807796384794555
relu,0.01,"(128,)",0.01,0.9824484976809928,0.00321835577821252,0.973737340137108,0.006684944689963779,0.9978241655752207,0.00062041041570224,0.997849794238683,0.00066551524046774,12.74376254081726,3.758439152451964
relu,0.01,"(64,)",0.001,0.9824249484013379,0.00390215170967446,0.9777382842753763,0.002678430913548,0.9981789661257707,0.00024356988061148,0.9982201646090534,0.00026222457633812,18.492126512527467,2.045495274640738
relu,0.001,"(8,)",0.1,0.9823903056654419,0.00630510440147686,0.9694333692848233,0.00959428366136752,0.9974352179274945,0.000890608622594,0.9974382716049381,0.0009650066650855601,2.528773546218872,0.6016163704927677
tanh,0.01,"(16,)",0.01,0.982356583930768,0.0026312551928140402,0.9787624932973855,0.0028104412019256397,0.998267889728574,0.00023283886052530002,0.998312757201646,0.00022590055484234,4.195813369750977,0.5734893180520615
tanh,0.01,"(16,)",0.001,0.9823343054734544,0.00310286392269032,0.9782935293293953,0.0038029532551624597,0.9982276543133928,0.00031726177576758,0.9982716049382716,0.0003119310133836,7.086046028137207,0.7092319253239531
relu,0.01,"(128,)",0.001,0.9823068520927933,0.00273575366972164,0.9776855487999543,0.0035765726394605597,0.998176747995563,0.00029741894608852,0.9982201646090534,0.00029156563024428,22.82510838508606,6.605307537520993
relu,0.0001,"(128,)",0.001,0.98229459470755,0.00323471750254848,0.9774617634804826,0.0037910074529508204,0.998157016641638,0.00032030172854706,0.9981995884773662,0.00031877532887796,24.459892559051514,2.1006680225003267
relu,0.001,"(64, 64)",0.01,0.982220976313308,0.0037173218643251397,0.9783471162000549,0.00283918422185652,0.9982354342566125,0.00022560232043958,0.9982818930041152,0.0002143095518569,28.00799951553345,17.602208143160112
tanh,0.0001,"(64, 64)",0.01,0.9821702325915392,0.0037692411501111,0.9772783569978658,0.00313701931873224,0.9981389206551959,0.00029453496305804005,0.998179012345679,0.00032172641053897997,11.324357175827028,2.2667100973883274
relu,0.01,"(16, 16)",0.001,0.9821198855082525,0.00285257146079286,0.9762616699265922,0.00419983749105154,0.9980555596079317,0.00035815183420892,0.99809670781893,0.00035857852932208,8.470830011367799,1.7173060879944697
tanh,0.01,"(32,)",0.01,0.9820738456351548,0.0032680214922913204,0.977736620009496,0.0026085380753761997,0.9981839032845968,0.00022514750765846,0.9982304526748971,0.00022989883248001998,4.910636568069458,0.8449481777993648
relu,0.001,"(16, 16)",0.1,0.9820524407734661,0.0050060056876215404,0.9748547384702642,0.00222818851352036,0.9979351088114778,0.0002049404430286,0.9979732510288066,0.00022810785869608,3.892523860931397,1.426653231409421
relu,0.0001,"(16,)",0.01,0.9819395599062128,0.00418810606387936,0.974889965966477,0.00448017884144732,0.9979362620744624,0.00039049386672928004,0.9979732510288066,0.00040262889635452005,3.940148878097534,0.9912105951605282
relu,0.01,"(16,)",0.001,0.9819050772532201,0.0027818337779194403,0.976759697625033,0.00439475650106732,0.9980966780532965,0.00039337538515916,0.9981378600823045,0.00041095935501476,10.151198387145996,1.1475972344441734
relu,0.01,"(64,)",0.01,0.9818046103394147,0.00205284964544114,0.9770594429477374,0.00420196434055746,0.9981247448890829,0.00037096557035296,0.9981687242798353,0.00038205276466726003,7.563225364685058,1.9757696943448784
tanh,0.01,"(32,)",0.001,0.981710277161695,0.0029804498313524596,0.9774854520593845,0.00446406304690086,0.9981633226846759,0.00038181837909885997,0.9982098765432099,0.00038598087080456004,9.081980657577514,1.0760450935722825
relu,0.1,"(16,)",0.01,0.981709559681445,0.00580958712597704,0.9750210528609781,0.004779129380773741,0.9979521112122132,0.00040756886938678,0.9979938271604938,0.00041696919381746,5.307169532775879,1.2151281438881585
tanh,0.001,"(8, 8)",0.001,0.9816880403544073,0.00258444913968804,0.9769639182636837,0.00307014773308392,0.998120939133431,0.0002568193492424,0.9981687242798355,0.00025164542828718,5.997668170928955,1.8552110848761607
relu,0.1,"(8,)",0.01,0.9816412531994733,0.00429228285781924,0.9758774746884764,0.0032703831481807,0.9980293981079342,0.0002591783035053,0.9980761316872429,0.00024223459230092,4.291227388381958,1.3977607188880583
relu,0.1,"(8, 8)",0.001,0.9816282398515993,0.0020678633607153,0.9757378453504423,0.00457277396457806,0.9980131229513374,0.00039437490344308,0.9980555555555555,0.0004011554041155,9.854120302200318,1.341307279209499
tanh,0.1,"(8, 8)",0.01,0.9816168863435083,0.00419722658623636,0.9756301897130875,0.0038573043817656805,0.9980033212076869,0.00035582638257008,0.9980452674897119,0.00038165677671968,5.106757307052613,0.5536419553368657
tanh,0.001,"(64, 64)",0.01,0.981545450901842,0.0032489296979857397,0.9765033984251357,0.00296087615937914,0.9980812442200897,0.00026553169996926,0.9981275720164609,0.0002785278413186,8.984380865097046,1.4135755045638057
relu,0.0001,"(16,)",0.1,0.9814679608954477,0.0038375540903159795,0.9748138994577193,0.00395641045495398,0.9979331756949937,0.0003620692333078,0.9979732510288066,0.00038559062212240004,4.501288318634034,0.6259106400450831
tanh,0.1,"(16, 16)",0.001,0.9814286769346451,0.00336876419102052,0.9763528485792217,0.004289311877896241,0.9980696279576634,0.00035892791919468,0.9981172839506172,0.00035416417649445996,8.717992162704467,0.7225636326213779
relu,0.001,"(16,)",0.01,0.9814037685864345,0.0046522414951789,0.9756875421044058,0.0041750838348896795,0.9980104826383712,0.00035895268631278,0.9980555555555556,0.00036276987953822,4.413590908050537,1.8896084455179416
relu,0.01,"(8, 8)",0.01,0.9813828939708704,0.00587291450013544,0.9730506696981355,0.0035903190354957598,0.9977823966940569,0.00032354331630655997,0.9978189300411522,0.00035230420516708,5.870715236663818,1.5037093429676471
tanh,0.1,"(8,)",0.001,0.9813077021131518,0.00429386051333972,0.9762859637074538,0.00310522972296744,0.9980672095678493,0.00025273564862866003,0.9981172839506172,0.00024711550876938004,7.624397945404053,1.0546287734160935
relu,0.0001,"(16, 16)",0.01,0.9812824990002392,0.0039430391151686,0.9758047910594982,0.00441599419729916,0.9980259961550011,0.00036812004014212,0.9980761316872429,0.00036362513918054005,8.230490493774415,1.7941332470080231
tanh,0.0001,"(8, 8)",0.01,0.9812778355070243,0.00291838961486438,0.9782855181509543,0.00252130582522072,0.9982383101494587,0.00020602434611178,0.9982921810699589,0.0002006391871502,3.316400051116944,0.92279217628814
relu,0.01,"(32,)",0.001,0.9812225707683797,0.00250950429698734,0.9770140295270424,0.00423708977630154,0.9981283045492425,0.00036107122926656,0.998179012345679,0.00036104759081358,11.789187335968018,3.3127438827029643
tanh,0.1,"(128,)",0.001,0.9812098523089696,0.0030744850029870404,0.9764686997199584,0.0033970356530867,0.9980791593140481,0.00028978702168883997,0.9981275720164609,0.00029331530285038,16.109791660308836,1.687646003878291
relu,0.001,"(32,)",0.001,0.9811988306933894,0.0030937806882254,0.9765211527796215,0.0031127562994791797,0.9980873462761306,0.00026695115899152,0.9981378600823045,0.00027058929643788,10.82716245651245,3.056134463162031
relu,0.0001,"(32,)",0.001,0.9811788718725424,0.00287925369128912,0.9760717529254507,0.0038676916365261798,0.9980478506020521,0.00033375523732782,0.99809670781893,0.00033855010064542,11.12537350654602,3.071809187921424
relu,0.0001,"(8, 8)",0.01,0.9811466671943695,0.0040028304164471,0.9753485146170207,0.0030061393675155203,0.9979868302578356,0.00025960302253726,0.9980349794238684,0.00026715972942232,6.162477207183838,2.098629546031305
relu,0.01,"(16, 16)",0.01,0.9811250659024859,0.00431915660745466,0.977030438748573,0.00510355378650212,0.9981282648360802,0.00041953540627498004,0.998179012345679,0.0004072319201148,6.693512010574341,1.4826484193047431
tanh,0.0001,"(8, 8)",0.001,0.9810975962774151,0.0027825618222788403,0.9768357341433793,0.0029900211086512202,0.9981158267861332,0.00025046246984732,0.9981687242798355,0.00024711550876938004,7.838298225402832,1.2147727597719915
relu,0.1,"(128,)",0.001,0.9810621568588684,0.00375728884602754,0.9784735940225303,0.0032086564790254194,0.9982562622392319,0.00025309541114574,0.998312757201646,0.00023442002199364,17.96523323059082,3.2064847237689467
tanh,0.1,"(16,)",0.01,0.9810076647801571,0.00463597573050412,0.9749586891489048,0.00476727806819798,0.9979494073133489,0.0004322285748185,0.9979938271604938,0.00045741948886312,4.312473392486572,0.6287208611661625
tanh,0.01,"(16, 16)",0.01,0.9809839120180562,0.0044217368032612395,0.9769162841507057,0.005942874071978041,0.9981187612834527,0.0004990197618464801,0.9981687242798355,0.00049642916825946,4.073189640045166,0.6433433366349564
relu,0.0001,"(8,)",0.001,0.9809173815678724,0.00428445970472596,0.975381868957076,0.00324549988450448,0.9979936465540818,0.00026318475986132004,0.9980452674897119,0.0002578592284243,8.459214162826537,0.795416173113723
tanh,0.1,"(64, 64)",0.001,0.9808953042223896,0.00278239434260756,0.9776004803994927,0.0032293334192091,0.998184176525067,0.00027176275600658,0.9982407407407408,0.0002692987344763,24.85458984375,1.5435133954744906
relu,0.0001,"(8,)",0.1,0.9808905402532575,0.00422660731041966,0.9747857752579063,0.003044036789728,0.9979430049101431,0.0002382212425708,0.9979938271604938,0.0002244095368075,3.4529977321624754,0.6816672388582087
relu,0.001,"(16,)",0.001,0.9808614238458022,0.00228876008151962,0.9768037487477816,0.00335733412148976,0.9981146646519633,0.00028718314516138003,0.9981687242798353,0.00028855003344595997,10.326774978637696,1.468267191256825
relu,0.1,"(8,)",0.001,0.9807924056475391,0.00425295867380258,0.9752390302226589,0.00296328679161336,0.9979825626122102,0.00023979751514366,0.9980349794238684,0.0002362930894224,9.071382427215577,1.5276442947856543
tanh,0.1,"(8, 8)",0.001,0.9807816544235985,0.0035444052963279,0.9751262341485953,0.0049800861601929204,0.9979670334492814,0.00043987731926159993,0.998014403292181,0.0004567089199824001,9.19352879524231,0.8822334365137602
relu,0.01,"(8,)",0.01,0.9807105074145204,0.00351640234113768,0.973694449114355,0.00765111366359392,0.9978439047384692,0.00065161757042324,0.9978909465020577,0.00065580673504596,3.4268142700195314,0.5564070794585967
relu,0.0001,"(64,)",0.1,0.9807072786257361,0.00381385765338436,0.9759273522129878,0.0034192507438708998,0.9980421352511986,0.0002846324323404,0.99809670781893,0.00028172433677912,5.356361007690429,1.0828462271511128
relu,0.001,"(32,)",0.1,0.9806737282530937,0.00549250100771336,0.9732313974654124,0.006718356521880961,0.9977945647260151,0.0006357972103635,0.9978292181069959,0.00069964651279146,4.810365724563599,1.2122136634679133
relu,0.1,"(64,)",0.001,0.9806060999956395,0.0035265886862034398,0.9764285318932877,0.0033433547825868796,0.9980834580979174,0.0003063413977526,0.9981378600823045,0.00032540566108618,14.446947383880616,1.9554104036355875
relu,0.0001,"(64, 64)",0.01,0.9805994592406069,0.0020472470924314,0.9756581700260509,0.0038847233991849404,0.9980084714007141,0.0003343697896337,0.9980555555555556,0.0003378525233057,28.57254195213318,8.426745851533493
tanh,0.001,"(8,)",0.1,0.9805837675023457,0.00617699454107906,0.9733995723564245,0.00543007835949482,0.9978123425956837,0.00052763698359432,0.997849794238683,0.00059777369330172,2.8254551887512207,0.7613561468970612
tanh,0.1,"(16,)",0.001,0.980503306537706,0.00448954575056758,0.9765394188326667,0.0054701414337127805,0.9980987125767762,0.0004408947818345599,0.9981584362139918,0.00042251839320834006,8.520957422256469,0.6113729098205243
tanh,0.01,"(8,)",0.01,0.9804994608633681,0.0037270069010555797,0.9765018003471541,0.00320599873466682,0.9980919063342875,0.00028479969609371996,0.9981481481481481,0.00029974823791830004,3.1456226825714118,0.6959679553895152
relu,0.1,"(16, 16)",0.001,0.9804918094380625,0.0026459186873574398,0.9763918292560401,0.0034106169121857002,0.9980820598254289,0.00030215495480658005,0.9981378600823045,0.00031245795048694006,10.421740245819093,3.005956004368046
relu,0.001,"(8, 8)",0.01,0.9804583325568104,0.00483711511286754,0.9687960849416811,0.011638126268533801,0.9973850589712443,0.0010969910004825002,0.9973971193415636,0.0011966245775120398,5.582904195785522,1.3744616969691157
tanh,0.1,"(32,)",0.001,0.9803415214202518,0.0031374619680288596,0.9756210198437347,0.00390489050115062,0.9980192808386846,0.00032694401304479996,0.9980761316872429,0.0003264072943172,11.1461847782135,1.1329788520186883
tanh,0.1,"(32, 32)",0.01,0.9803411990387219,0.0076039952760981995,0.9655527028398069,0.01246892092159898,0.9970807205952184,0.00119798999758746,0.9970679012345679,0.0013214044232358999,8.169340324401855,0.8773354836327234
relu,0.001,"(8, 8)",0.001,0.9803200420282053,0.00254978209306012,0.9751744598099877,0.0038992928710373394,0.9979798577776247,0.00033420431269988004,0.9980349794238684,0.00033760300529154,7.782517337799073,2.3935163374829043
tanh,0.1,"(8,)",0.01,0.9803189844570823,0.00355698884520224,0.9750484527288552,0.00485042904324994,0.9979639735496185,0.00041023734992962004,0.998014403292181,0.00041240652200678007,5.549311828613281,0.7700666209405463
tanh,0.001,"(8,)",0.01,0.9803095265051016,0.0026051479377384003,0.9775739883395189,0.00295806002110108,0.9981877831558,0.00024207879319946,0.9982510288065845,0.00023228769204323998,3.712081289291382,0.6740824897070137
relu,0.01,"(8, 8)",0.001,0.9802893978446022,0.00411785495330936,0.974650301240243,0.00437911125440388,0.9979319027622473,0.00039803684354228,0.9979835390946501,0.00042320502804176,8.328747224807739,3.2073119941849684
relu,0.001,"(8,)",0.01,0.9802685531131313,0.00256230236418798,0.9743996525790181,0.005459954119862399,0.9979149402055514,0.00046939798609112,0.9979732510288066,0.00047496479890367995,3.3568021774291994,0.7420044256135891
relu,0.1,"(16,)",0.001,0.9802372559604272,0.0033101900564491194,0.9759368137581272,0.00319811237608326,0.9980479135111514,0.00026521257886847997,0.9981069958847737,0.00026222457633812,11.151258659362792,2.0470191120379773
relu,0.01,"(32,)",0.01,0.9801567037057453,0.0045754381890913,0.9763287516031983,0.00474688645157732,0.99807891133125,0.00038902624453158,0.9981378600823045,0.00037772382507285997,7.579976844787597,2.424013545173809
tanh,0.001,"(8, 8)",0.01,0.9801267216428865,0.00199081771992602,0.976104771660496,0.0040938113674368,0.99805816726557,0.00036334188108974,0.9981172839506172,0.00037420315229064,3.259389162063598,0.812875667407154
relu,0.0001,"(8, 8)",0.001,0.9801053360081108,0.0027027005656463403,0.9755753955368393,0.00375288660072694,0.9980173127400132,0.00031841490224176,0.9980761316872429,0.00031877532887796,8.491637372970581,1.7829438044043429
tanh,0.0001,"(128,)",0.1,0.980066953347513,0.00573629589018038,0.9707728902342245,0.01042786324186536,0.9975460761137827,0.00106101344928856,0.9975411522633746,0.00123194362741504,4.740867519378663,1.817556506351136
relu,0.1,"(8, 8)",0.01,0.9799466463663224,0.00492214002191066,0.9746486758191516,0.00354711633687204,0.9979429538382805,0.00027031514785578,0.9980041152263375,0.00025104966962016,5.063562536239624,1.7114186684891934
relu,0.0001,"(32, 32)",0.1,0.9798990830632814,0.00429050159821856,0.9736534706400425,0.00428082582600342,0.9978547655940977,0.00035407802699824,0.9979115226337448,0.00035051665234586005,5.361028385162354,1.5912603638043896
relu,0.001,"(8,)",0.001,0.9797633289645443,0.00232975147619728,0.9757204461072474,0.00363432362621594,0.9980339384870314,0.00030437243970734,0.99809670781893,0.00030258431695632,7.710726881027222,1.05267421424307
relu,0.1,"(16, 16)",0.01,0.9797066109568744,0.01239712149981346,0.9702477580685509,0.01608526381754522,0.9975256674579182,0.0014046639015999,0.9975411522633746,0.0014596855729922399,5.524699306488037,3.1334062589272045
relu,0.01,"(8,)",0.001,0.979522540474445,0.00252282637136148,0.9755380202336441,0.0031715057967889996,0.9980212484290354,0.0002656225280238,0.9980864197530863,0.00026365129086262,7.131262063980103,0.7748497780692117
tanh,0.01,"(8, 8)",0.01,0.9794345765071771,0.0019431503887111401,0.9759809598278533,0.00277434344723984,0.9980543257329366,0.00024480995578134,0.9981172839506172,0.0002505421820412,3.9965285301208495,0.61115994799798
tanh,0.01,"(128,)",0.01,0.9793329971769504,0.00240892364777706,0.9764575203746351,0.00301117568466522,0.9981005987808537,0.00024729847367868,0.9981687242798355,0.00024161317103482002,8.585047054290772,1.846403941564546
relu,0.1,"(32,)",0.001,0.9792687415184508,0.0031178186369441,0.9751434284665865,0.00402293469561262,0.9979894127469754,0.00034057061240835997,0.9980555555555556,0.0003436891581993601,12.293410205841065,1.6965345713885251
relu,0.0001,"(8,)",0.01,0.9792031581736165,0.00698121319973916,0.9727967961326162,0.00528187798210812,0.9977755819427567,0.00046220131881938005,0.9978292181069959,0.00047907590209533997,3.644044208526611,1.4636704430635392
relu,0.1,"(32,)",0.01,0.9790538342689361,0.002900890688680423,0.9754482198831672,0.00363610899449372,0.9980212669951586,0.0002922050987372299,0.9980906028128251,0.00028592540903393213,6.552627754211426,1.9917098556699948
relu,0.1,"(64,)",0.01,0.9790158301038014,0.00262729337825474,0.9722299836960883,0.00807590705497074,0.9977236107857227,0.00071321939830798,0.9977777777777778,0.0007345802310802401,8.093527030944824,1.131971286164536
tanh,0.01,"(32,)",0.1,0.9789825795778025,0.011463459813844659,0.9669300114141098,0.013835406551610401,0.9972479726089114,0.0011996222506752401,0.9972736625514405,0.0012175512480093599,5.06638879776001,1.7557110119627108
tanh,0.1,"(64,)",0.001,0.9788730903280353,0.00420943213776596,0.9742599894433097,0.00410686930140782,0.9979163108213246,0.00036491783344928,0.9979835390946501,0.00038284298710358,11.183070993423462,1.247097680144077
relu,0.1,"(32, 32)",0.01,0.9781742510705431,0.01167900539217558,0.9712591780040123,0.011946428163443022,0.9973016669600325,0.001688517217709426,0.9973536031869366,0.0016892656004570922,8.875354480743407,1.7238100802044012
tanh,0.1,"(32,)",0.01,0.9780371932869661,0.00442976024472282,0.9731732903864565,0.0034153841602967403,0.9978414541061135,0.00028843293217822,0.9979137837471171,0.0003072193330679,5.312659454345703,0.7546133497049226
relu,0.0001,"(32,)",0.1,0.9779735426175439,0.00349930463666204,0.968357491750707,0.01468808197042012,0.9973641528838423,0.00135989327992256,0.9973765432098766,0.0014813209510063,4.5899676322937015,1.4180981406010114
relu,0.01,"(64,)",0.1,0.977903216480507,0.013456131030359619,0.9618868856317399,0.02362428091869966,0.9969085519621711,0.0018728116277308,0.996889273278162,0.00200406602623688,6.606588125228882,1.9503858670090093
tanh,0.1,"(128,)",0.01,0.9778510459908546,0.00298936368141746,0.9743771050310255,0.00293034218636498,0.99793643618645,0.00023686917486244,0.998014403292181,0.00022501509304296,10.379652976989746,1.5995306221141934
relu,0.0001,"(128,)",0.1,0.9777832592354162,0.00242896044392906,0.9757204508276203,0.0027415003444713,0.9980551170330466,0.000218215553551,0.9981378600823045,0.00020566861991581998,9.856489849090575,2.6670394465803007
relu,0.01,"(64, 64)",0.01,0.9777829977322907,0.008638593317786141,0.9736834731273218,0.009600590247115421,0.9978617108242183,0.0007733645514174799,0.9979320987654321,0.0007293035242604601,17.781567525863647,3.659796057270302
tanh,0.1,"(64,)",0.01,0.9777444991713315,0.0025774510087151997,0.9723843096177017,0.006124543476375879,0.9977574447340543,0.00053366672849176,0.9978292181069959,0.0005446150975617401,6.088366079330444,0.9395340086588004
relu,0.0001,"(16, 16)",0.1,0.9775596746817813,0.00285596153707974,0.9731379265751038,0.00347147724539956,0.9978334265460653,0.00029536349049304,0.9979115226337448,0.00029290718797505996,3.175967836380005,0.674932918703711
tanh,0.001,"(32,)",0.1,0.9774595466976853,0.0034630452852227795,0.9736550314786578,0.00334434128621712,0.99788521932688,0.00028737953198168596,0.9979671460227015,0.0002970708566843522,3.4089619159698485,1.7765451032574913
relu,0.1,"(128,)",0.01,0.9770466386650017,0.00792322008401298,0.9727492735165727,0.0081179531206393,0.9977969959630888,0.0006584568568793601,0.9978703703703704,0.00063916872828234,10.100032329559326,2.382995368429804
relu,0.01,"(16,)",0.1,0.9758208518014457,0.009172076490664979,0.9716535985766844,0.00967359076587586,0.9977109854523171,0.0007755222780518,0.997798353909465,0.00072866886772296,2.532354211807251,0.5734435986051989
tanh,0.01,"(64,)",0.1,0.9753671330485864,0.007518199695562461,0.9636388830681162,0.02235757932082126,0.996786401708927,0.0020356518333158598,0.9968210904322014,0.00211269993625514,5.609788227081299,0.8861717791105382
tanh,0.1,"(8,)",0.1,0.9753130743625341,0.0155135401117777,0.938333826699167,0.044631796000369116,0.9936212548327488,0.0049775688138208,0.9931555789889124,0.00573088351449118,3.19067645072937,0.6783563480915598
tanh,0.1,"(16, 16)",0.01,0.9752885512909286,0.01654542064087244,0.9672916851545995,0.018346303600979722,0.9973630227723455,0.0014101482940782602,0.9974794238683128,0.0012605189179629999,5.050548362731933,0.5422101314202923
tanh,0.0001,"(64,)",0.1,0.974881779012058,0.02189272541360002,0.9547667699371593,0.025178387193608383,0.9962530995105888,0.0019427960702311001,0.9962962962962962,0.00189535214688034,3.193637800216675,0.8411905074749466
relu,0.0001,"(8, 8)",0.1,0.9747920065371884,0.010459227203186261,0.9677927842935967,0.01166110566266584,0.9974131607401142,0.00089021223679858,0.9975205761316872,0.0008051552800229199,3.7210436820983888,0.8268585591778992
relu,0.001,"(64,)",0.1,0.9735447458625082,0.00811402353583912,0.9703182207213767,0.00921838068850226,0.9975977977796926,0.0007654312622436,0.9976851851851851,0.00074762616829502,5.971687173843383,1.2122269560740442
relu,0.001,"(32, 32)",0.01,0.973316671446122,0.0200251295849837,0.9651040469008925,0.02726545925900284,0.9972376587720715,0.0020361892783782197,0.997417695473251,0.00175634368274824,13.26920313835144,4.294461581272727
relu,0.01,"(32,)",0.1,0.9731209459359391,0.0181446649672173,0.9608376698402367,0.021113729629989503,0.9967753401281261,0.0018146662242080201,0.9968518518518519,0.00182157135750642,3.9742125988006594,1.666533673771404
tanh,0.1,"(64, 64)",0.01,0.972937298754541,0.012584976095698742,0.9671497570776832,0.0131263401929678,0.9973646838659513,0.0010352021534423598,0.9974691358024692,0.0009803825603943,13.34207935333252,2.590680070554365
relu,0.1,"(32,)",0.1,0.972873523118451,0.01685329150306096,0.9578182394329332,0.026124853753839,0.9965093536544284,0.00219908598094412,0.9965637860082305,0.00220320238601084,6.189242172241211,2.0215199015448326
relu,0.1,"(64,)",0.1,0.9724142892799348,0.012116242785775,0.9648110701661832,0.01078444158980494,0.996725146661112,0.0017068038068557203,0.9968322109988776,0.00164269378060182,6.761925888061524,1.7221562975136409
tanh,0.01,"(32, 32)",0.01,0.9721919226006657,0.01843526879184698,0.9674359382267081,0.02028635996843204,0.997584761266307,0.00121733010844584,0.9976805499027721,0.0011615698548443202,6.789133453369141,0.9438901299925472
tanh,0.1,"(32,)",0.1,0.9715907067395626,0.0172142919277594,0.9478961878275246,0.041789038201936204,0.9951452211416905,0.004653035253735701,0.994985765263543,0.005130463313677521,4.713852214813232,1.3467570386648895
relu,0.01,"(128,)",0.1,0.9678443818530372,0.025032739774883916,0.9537898029179714,0.038134797728799116,0.9963824990174535,0.00282685107924196,0.9965529326640438,0.00263113839709234,10.139753723144532,3.226434697013475
relu,0.1,"(8,)",0.1,0.9676636933882843,0.02443868547582864,0.9484812254445847,0.030168415098413483,0.9956871906816419,0.0026524307508749997,0.9957201646090535,0.00276529685519066,2.979771089553833,0.7121447560026892
tanh,0.01,"(8,)",0.1,0.966404869475971,0.030297658999061044,0.9391374258544154,0.06606869940238011,0.9795452561677978,0.035507428651089516,0.9770117845117845,0.04068548601016764,4.063671684265136,0.5463235300933589
relu,0.1,"(16,)",0.1,0.96460817443736,0.0156217865228887,0.9545858172058519,0.02190182010880226,0.9964873820114833,0.00155522275906284,0.9966988875322208,0.0014248444862921801,4.870322513580322,1.6211319877879005
tanh,0.001,"(64,)",0.1,0.9641128400333845,0.0357919307767834,0.9461721144595987,0.05480297894892868,0.9960865446983762,0.0034594665543231,0.9965330348663682,0.00264515880686846,4.439612150192261,1.1706989860146384
tanh,0.0001,"(16,)",0.1,0.9635190199986475,0.03692592593668984,0.9399127612407581,0.061931024022126156,0.9955043254811651,0.00423672949729826,0.9960802469135801,0.0032200671360914797,2.2310064792633058,0.9220236156711324
relu,0.01,"(32, 32)",0.01,0.9633666258516685,0.03828798556769372,0.9462536257015154,0.06575398453934628,0.9961612421127347,0.004288309317333741,0.9967798353909465,0.0031520232649758,12.257449102401733,2.003564203889338
tanh,0.001,"(16,)",0.1,0.9627141790058464,0.03582536683676328,0.9266694109066422,0.07238731739484866,0.9934217320108172,0.00693701484063452,0.993068783068783,0.0078332228343503,2.3124897956848143,0.8038232056765051
relu,0.0001,"(64, 64)",0.1,0.9616213056938724,0.039294808167034775,0.9393812381536948,0.07000989455408146,0.9955844804708125,0.0047131530801365,0.9962962962962963,0.00344775053155892,12.899346733093262,3.737214499937868
tanh,0.01,"(64, 64)",0.01,0.9615687585379928,0.0433501486218701,0.9351179630008186,0.08657761827332482,0.9954763849400405,0.00554017607083424,0.9963374485596708,0.00392641537642164,18.92207398414612,2.034982141104382
relu,0.001,"(64, 64)",0.1,0.9600891757255379,0.043969383064382646,0.935079000570769,0.08260178524614475,0.9963624713715931,0.0034465952232352595,0.9969543933432823,0.00238618725421512,9.410497188568115,2.2362020220543504
relu,0.001,"(32, 32)",0.1,0.9586690682180864,0.042972588715171144,0.9347233884305883,0.08283294431745453,0.9963482041208849,0.0034565455138011597,0.9969543933432823,0.002382225905964,6.145587825775147,3.4508799874834004
tanh,0.0001,"(32,)",0.1,0.9569132894012429,0.035211127645741074,0.9245622850781693,0.07058185384797076,0.9946126076134025,0.00439629124441444,0.9954835390946503,0.0031243753716978196,2.503849172592163,1.1216876185382023
relu,0.001,"(8, 8)",0.1,0.9543729404875944,0.039525346622460364,0.9315365244281926,0.07950299579366298,0.9951718855692239,0.005062163594970481,0.9961213991769547,0.00337861386157622,3.371932315826416,0.6094980076193166
tanh,0.01,"(16,)",0.1,0.9500504617585503,0.0596621091394126,0.9073881402654825,0.10468756252893989,0.992392425848623,0.0079424203840777,0.9932472876917322,0.00627230283224824,3.5761595726013184,0.8077916998253464
relu,0.01,"(8, 8)",0.1,0.9428962066101525,0.06285835884616145,0.9170939825534145,0.10739285452487612,0.9927987836955913,0.00978821422918732,0.9939431350542461,0.00775310057412502,2.855028581619263,0.588263453588416
tanh,0.01,"(128,)",0.1,0.9416793289448838,0.06092050745106946,0.8954660411140761,0.1051466685769519,0.9919775130861825,0.00761002753815874,0.9929732510288065,0.00625682288212252,8.608154773712158,1.8877904149998324
relu,0.1,"(64, 64)",0.01,0.9403320931664595,0.08167474633540853,0.8985903711131573,0.1567032220863333,0.9877359476045198,0.02079178978682354,0.991011036288814,0.014363323384937222,13.471537685394289,2.1810288029985347
relu,0.001,"(128,)",0.1,0.9386330744699565,0.08581592385531482,0.8911225182326816,0.16833455355269872,0.9935286382517582,0.008924209282214199,0.9949276443720889,0.006257298341560541,8.62986354827881,1.9180943107767283
relu,0.1,"(8, 8)",0.1,0.9361974043522678,0.0679328815369867,0.9018096340246311,0.11942267314838954,0.9872367597211497,0.01858727529251848,0.9897668894891117,0.013805538317004002,4.476207160949707,1.08755166258118
tanh,0.001,"(128,)",0.1,0.9306201102718747,0.07809565886420107,0.8830102093257193,0.15500612571296335,0.9919711121868022,0.00967291498611858,0.993755144032922,0.00641229912790542,8.116084384918214,1.2406443064934394
relu,0.1,"(16, 16)",0.1,0.9291105763370326,0.08059984864047698,0.8885021985027344,0.14875937311137535,0.9870020885771865,0.019613949801214378,0.9901068376068377,0.0136677088803384,3.789630031585693,0.8489973332861596
relu,0.1,"(128,)",0.1,0.9226254202879627,0.08337659298204494,0.880987364048103,0.13945976834995566,0.9925876126755014,0.007591302519083421,0.9936894586894587,0.0058022171412105,9.768729829788208,2.4527862033441723
relu,0.1,"(64, 64)",0.1,0.9166840191364622,0.10213859091991093,0.8287041789720702,0.20084016800276175,0.9881269857594562,0.01318482205982846,0.9887862343417899,0.01265153385184264,13.177272176742552,4.859731451509343
tanh,0.1,"(64,)",0.1,0.914650060314526,0.11251782708877775,0.814248973788455,0.19719328573246558,0.9856850821691653,0.01273898964520426,0.9866572213794438,0.0113771514399903,5.1891186237335205,1.3804046547783846
tanh,0.1,"(16,)",0.1,0.9130237132991731,0.0965925718822248,0.8144122326705668,0.17620075464298482,0.9852614619847821,0.016474624165044978,0.984253287864399,0.020752073378496477,3.669842672348023,0.8127732393484794
tanh,0.0001,"(16, 16)",0.1,0.9035174787035471,0.11002970056266785,0.8068918625127107,0.24910836584683302,0.9870420438594507,0.015981849949450438,0.989717360828472,0.01214458124496908,2.867653656005859,1.1689787576556825
tanh,0.1,"(128,)",0.1,0.8919822662251427,0.11044912951881347,0.820100998920003,0.19883918588256916,0.98156676381127,0.02272704493897388,0.985322558100336,0.016535099192140763,8.496747398376465,1.8923155658803388
relu,0.01,"(16, 16)",0.1,0.8851107204483959,0.12436163749495846,0.7787634305262676,0.24453345965019374,0.9820407844528841,0.0245019849848293,0.9866497494275273,0.01728435918977398,3.697380781173706,0.9017167674590384
tanh,0.0001,"(8,)",0.1,0.8847330935313643,0.09625942272732349,0.7797404935732137,0.19048947743243305,0.9878809924635694,0.01037412595236498,0.9911475047586158,0.00706409061301326,2.3166049003601072,0.6726824231171478
relu,0.1,"(32, 32)",0.1,0.8828296006764302,0.16583449610396497,0.7697527571255639,0.3159123707693265,0.9800117919156008,0.029133337106855818,0.9852344157899713,0.0199896752167307,7.5414002418518065,2.1618380108000474
tanh,0.001,"(8, 8)",0.1,0.8821742611872342,0.12794397947852562,0.7808052730196293,0.24758639985478056,0.9866689790404719,0.01430350120326084,0.9894729653062987,0.00996367889178424,6.167130708694458,4.612684241195513
relu,0.01,"(32, 32)",0.1,0.8780219063725141,0.08446101628608027,0.7727111292201088,0.16483836333979812,0.9888470450691054,0.00860923369385346,0.9918607832496722,0.0059175401796814605,6.22878360748291,1.8440156895511235
tanh,0.0001,"(8, 8)",0.1,0.8429835194009921,0.13950626203251726,0.682352761023749,0.2649252009819637,0.9816362504470455,0.0151780860835839,0.9863976044531599,0.01048598924773148,3.310920524597168,1.5623026782244065
tanh,0.01,"(16, 16)",0.1,0.8355076897417903,0.20055340678454345,0.6793010742718816,0.39677365701712286,0.9735071301681962,0.03295682962236478,0.9798367373367374,0.022265330638241577,4.059439420700073,1.0964636554811813
tanh,0.0001,"(32, 32)",0.1,0.8303448953447404,0.11524648558607982,0.677856185415993,0.22531838891717898,0.9787490448746127,0.013734064963762341,0.9844958847736626,0.008870216032514,3.386604642868042,0.974381662063078
tanh,0.001,"(16, 16)",0.1,0.8260700910659813,0.1609684236009419,0.6699386538168892,0.3259411016815961,0.9790648341500046,0.01899252240261054,0.984664656331323,0.0127064289338533,4.752786254882812,1.6033661684341338
relu,0.01,"(64, 64)",0.1,0.8171544447934587,0.1498565536490317,0.6493069028846451,0.29734552117933694,0.968937892325268,0.029675890285330343,0.9781050431050431,0.02022287547251972,16.079237318038942,5.664564900369498
tanh,0.1,"(16, 16)",0.1,0.796321687506288,0.20196916176976903,0.59635597679807,0.39529743724181143,0.9671663826840124,0.0330442112718084,0.9750127752905531,0.022594977736790763,3.236199855804444,0.8919222644305072
tanh,0.001,"(32, 32)",0.1,0.793709707013341,0.1582156154982215,0.5956888502507371,0.32633012261412947,0.9745314345944033,0.0178611282788751,0.9816560394338172,0.011099343096266,6.730710458755493,2.232792721069045
tanh,0.1,"(8, 8)",0.1,0.7884335923197608,0.18147656811854404,0.5463219204322113,0.3390209559003285,0.9630424352878559,0.034720669051984995,0.9683666230888454,0.03246721395514082,3.881045389175415,0.7457356618280937
tanh,0.01,"(32, 32)",0.1,0.7717842913474006,0.2060102589604791,0.5155847452557202,0.3894940919645753,0.9501084088184722,0.03390373696337236,0.9623137048137048,0.02291397655968562,6.559369659423828,1.1134588563178194
tanh,0.01,"(8, 8)",0.1,0.7587557886797442,0.17490880465937078,0.5353851778820293,0.3453145738917658,0.9515112581690511,0.03039068440616628,0.9657857368968481,0.020782047719795742,4.559280729293823,0.7969824250835761
tanh,0.1,"(32, 32)",0.1,0.6680803183746271,0.18475680679663153,0.32205491737780356,0.3133322959107948,0.9518050585734864,0.03022194688022694,0.9636015424904315,0.0236764850480334,5.9665846824646,1.99273662651114
tanh,0.0001,"(64, 64)",0.1,0.5965594541910331,0.0937659686032937,0.1963284809941947,0.1914625064017212,0.9342042891477307,0.0223685282070637,0.9552378177378177,0.014873629696294799,7.238226366043091,3.739874020630793
tanh,0.01,"(64, 64)",0.1,0.5367124456317569,0.07342489126351384,0.07534183316600243,0.15068366633200492,0.9233281374747524,0.01790299743526054,0.9476737254515033,0.01125432180987732,14.14892258644104,3.681242568591747
tanh,0.1,"(64, 64)",0.1,0.5016133082234777,0.00322661644695542,0.006135396518375221,0.01227079303675046,0.9146111838036889,0.0005299025548245621,0.9421445838112504,0.00023719079274632,10.097295761108398,3.612213925578868
tanh,0.001,"(64, 64)",0.1,0.5,0.0,0.0,0.0,0.9143766458120272,6.082657150086221e-05,0.9420465645465645,4.115226337448e-05,12.264008331298829,3.436383442603073
